filename,compression_level,slice(I->S),diameter_AP_ratio,diameter_AP_ratio_PAM50,diameter_AP_ratio_PAM50_normalized
t2_compressed_seg.nii.gz,6.0,99,26.90794564803013,27.97256039270708,26.76034036561231
t2_compressed_seg.nii.gz,4.0,140,16.89313317804684,17.954133372576663,23.878986696249484
t2_compressed_seg.nii.gz,5.0,118,10.61044087004197,11.634832516198411,16.446479733340336
t2_compressed_seg.nii.gz,3.0,159,6.391726166113154,7.771775507071121,14.577639640154317
