filename,compression_level,slice(I->S),diameter_AP_ratio,diameter_AP_ratio_PAM50,diameter_AP_ratio_PAM50_normalized
t2_compressed_seg.nii.gz,3.0,159,3.3493565531077407,3.879051901117425,11.215989340749555
t2_compressed_seg.nii.gz,4.0,140,11.314949666366614,12.030571115679267,18.472519370789552
t2_compressed_seg.nii.gz,5.0,118,10.780650030491945,10.942683678325004,15.375521384887458
t2_compressed_seg.nii.gz,6.0,99,21.88085837700506,22.03521654210938,20.312114793608615
