Slice (I->S),VertLevel,Label,Size [vox],WA(),STD()
7:16,2:4,dorsal columns,247.44628112388,52.0179424103786,3.99138358297449
