Slice (I->S),Label,Size [vox],BIN(),STD()
2:12,t2s_wmseg,2788,1313.14857727212,235.080124529996
2:12,t2s_gmseg,599,1495.02856315715,209.306548414534
