Filename,Slice (I->S),VertLevel,MEAN(angle_AP),STD(angle_AP),MEAN(angle_RL),STD(angle_RL)
single_subject/data/t2/t2_seg.nii.gz,145:168,4,1.379679548988485,0.040339721667505,11.635180759751558,0.6057006168952394
single_subject/data/t2/t2_seg.nii.gz,169:189,3,0.8968661357666219,0.253939209071894,7.718045204190882,1.5169800510814218
