Filename,Slice (I->S),VertLevel,MEAN(angle_AP),STD(angle_AP),MEAN(angle_RL),STD(angle_RL)
single_subject/data/t2/t2_seg.nii.gz,145:168,4,0.786147335100443,3.673069254459607,12.111419749484227,5.039790633694757
single_subject/data/t2/t2_seg.nii.gz,169:189,3,1.907059804420168,2.32868096283306,8.260995698615469,3.48906455114369
