Filename,Slice (I->S),VertLevel,MEAN(eccentricity),STD(eccentricity),MEAN(orientation),STD(orientation),MEAN(solidity),STD(solidity),SUM(length)
single_subject/data/t2/t2_seg.nii.gz,145:168,4,0.769168375566124,0.0262249921819527,4.222892228945713,2.869802717338732,0.9626644662029016,0.0131533365880386,19.60968182193516
single_subject/data/t2/t2_seg.nii.gz,169:189,3,0.732490213342126,0.0136110965227044,-0.3233312632586361,1.420821365292884,0.9617168134161742,0.0095300489209892,16.961995967857717
