Filename,Slice (I->S),VertLevel,MEAN(eccentricity),STD(eccentricity),MEAN(orientation),STD(orientation),MEAN(solidity),STD(solidity),SUM(length)
single_subject/data/t2/t2_seg.nii.gz,145:168,4,0.7719048859169844,0.0309394700240913,4.154214110014227,2.7906883828338245,0.9598203196975202,0.0118961728448969,19.7634319562494
single_subject/data/t2/t2_seg.nii.gz,169:189,3,0.7360108959634977,0.0146247883136632,-0.3481443435020262,1.433454047290451,0.9571264138338458,0.0116251565625195,17.032696218554673
