Filename,Slice (I->S),VertLevel,MEAN(diameter_AP),STD(diameter_AP),MEAN(diameter_RL),STD(diameter_RL)
single_subject/data/t2/t2_seg.nii.gz,145:168,4,7.557797393729964,0.371714499965087,12.171986789402714,0.2349745566524634
single_subject/data/t2/t2_seg.nii.gz,169:189,3,7.799063337542908,0.2171612098434197,11.597291293370072,0.2097014530638874
