Filename,Slice (I->S),VertLevel,MEAN(diameter_AP),STD(diameter_AP),MEAN(diameter_RL),STD(diameter_RL)
single_subject/data/t2/t2_seg.nii.gz,145:168,4,7.621723665477689,0.326924539151627,12.161401042986546,0.2480588044526123
single_subject/data/t2/t2_seg.nii.gz,169:189,3,7.844489355733386,0.1922008668231576,11.577942581270596,0.2061896105042021
