Filename,Slice (I->S),VertLevel,MEAN(area_quadrant_anterior_left),MEAN(area_quadrant_anterior_right),MEAN(symmetry_dice_RL),MEAN(symmetry_dice_AP),MEAN(symmetry_hausdorff_RL),MEAN(symmetry_hausdorff_AP)
single_subject/data/t2/t2_seg.nii.gz,145:168,4,18.755862248881183,18.283371245434328,0.9199521049650894,0.9188835783083904,0.6104761281195848,0.6979441337345547
single_subject/data/t2/t2_seg.nii.gz,169:189,3,17.433448483702904,18.187617393536364,0.9247183806292548,0.9226552951853212,0.5935347313120352,0.5587214936652286
