Slice (I->S),Label,Size [vox],BIN(),STD()
2:12,t2s_wmseg,2367,1282.663789919171,208.78822500563507
2:12,t2s_gmseg,574,1458.939517961562,221.5357627425456
