Slice (I->S),Label,Size [vox],MAP(),STD()
5:15,WM left lateral corticospinal tract,67.1750305583176,53.6153485365198,2.91526235136143
5:15,WM right lateral corticospinal tract,68.6063238868488,53.2440849890533,3.77624822435727
