Slice (I->S),VertLevel,Label,Size [vox],MAP(),STD()
1:3,5,white matter,213.116278535089,0.816009066700897,0.120189826223487
4:6,4,white matter,211.802946720226,0.816900166267528,0.138645402811017
7:10,3,white matter,269.344772923089,0.812880776349297,0.144916051577843
11:13,2,white matter,190.065023308727,0.830666411104277,0.167349029313301
