,coeff,mean
brain-volume,2.3741962085478625e-05,1156171.0708955224
sex,-15.00753582193219,0.43656716417910446
inter-BV_sex,1.2389409865349374e-05,530335.0410447761
